{
    "src/addons/Ruinscraft/MineLink/addon.json": "43816bb8354b466e2c04b68c8468b53adb2fc0bb43f333a822fe70a621dce5a1",
    "src/addons/Ruinscraft/MineLink/Api/Controller/Codes.php": "768c96c5c4881f7fc43812e4d22f6385a80198c4a244d5c1d600f670ba860d6d",
    "src/addons/Ruinscraft/MineLink/Entity/CodeEntry.php": "be0c216ea88bd28fa92426e35fcfe9889b97f9a391d60c0aa746be40149f67b7",
    "src/addons/Ruinscraft/MineLink/Pub/Controller/Link.php": "72b4ee0a5b317edadfd8e7aadff6a5af85fa64cf77ce18c0edf09aa4057217ca",
    "src/addons/Ruinscraft/MineLink/Repository/CodeEntry.php": "3521b3e6cb685887e4cb8b6a3d11cf9203bcb20c468368580c46b3247e9d8c12",
    "src/addons/Ruinscraft/MineLink/Setup.php": "b7e9379f7260f9bbf53e3f470961d1c4f2ce32a83cdc8771a9d8a865b4f5e596",
    "src/addons/Ruinscraft/MineLink/_data/activity_summary_definitions.xml": "99d8c2563a31320d66f958fc8bda78613545f5f7959bb3cf5318805e3a3c39d2",
    "src/addons/Ruinscraft/MineLink/_data/admin_navigation.xml": "064ec797484ac00d5ee37367b50b06846d11f480d00550997712707f8fdac8c0",
    "src/addons/Ruinscraft/MineLink/_data/admin_permission.xml": "ec6fb97cebf0bceb24f1ed1d5778c1db54eeb7535fbb3e31d824840e7aa9ff87",
    "src/addons/Ruinscraft/MineLink/_data/advertising_positions.xml": "d2f7cbe844bb1df3cf878d22ff6306249245c8ff6b0b87b9b729744bec538261",
    "src/addons/Ruinscraft/MineLink/_data/api_scopes.xml": "6793eaf758f140e8137187ba20e65f4faccf53410433ae3ad7a8b3b38cb6b3b7",
    "src/addons/Ruinscraft/MineLink/_data/bb_codes.xml": "faa4ddd5f4a365e5ac39aebdcbe2d25aedf74e7eb9ea4a812766e2fd5e13bdb1",
    "src/addons/Ruinscraft/MineLink/_data/bb_code_media_sites.xml": "29762987990187b33e43cfb68c08dc917b2d3f0176613d78f8e6c453f82da3f3",
    "src/addons/Ruinscraft/MineLink/_data/class_extensions.xml": "1f548b8006e9952a3f5889f71e09fdfa6726ac1a47c1af7b2626d1a88920d5a4",
    "src/addons/Ruinscraft/MineLink/_data/code_events.xml": "8370dec3df47f91df4cf79da253446ad11b29f4ea568fe76c774e97a0379f0eb",
    "src/addons/Ruinscraft/MineLink/_data/code_event_listeners.xml": "d6b5072f4909dee7a20ee9e44b163f95c8aa52e6ac7f573e292000cd9238c331",
    "src/addons/Ruinscraft/MineLink/_data/content_type_fields.xml": "c7ad5472b28f465b7ac7617627707eba1b7a39d28089460d52e1ed292fc0b06a",
    "src/addons/Ruinscraft/MineLink/_data/cron.xml": "323c4284742ef24329cd6db6f288eb9736d2353f36852e1db12591e1583aea26",
    "src/addons/Ruinscraft/MineLink/_data/help_pages.xml": "a8a0c0b06cdc550438bc8a8d385af3e1e5ab3459877dfb934c1c31be59c89163",
    "src/addons/Ruinscraft/MineLink/_data/member_stats.xml": "89fb2b93ff1eca7a1f6f752248edf6090dfd24037db1446fd18ff7143f08124d",
    "src/addons/Ruinscraft/MineLink/_data/navigation.xml": "f75e1c03a45a360bbdfcd0567121665082315068475d5b0feb8b1acbb1688651",
    "src/addons/Ruinscraft/MineLink/_data/options.xml": "1cea29aa5671733d85c8fc6f7c66128eacbca5643cbb38585eb82002879b51a4",
    "src/addons/Ruinscraft/MineLink/_data/option_groups.xml": "154d7a89664b243d0bd8227c22e241f934bf7e196c83230ee23d3c0c4fba1333",
    "src/addons/Ruinscraft/MineLink/_data/permissions.xml": "7e4fc7d5826733d15ea2d8936b9bdd41afcaad810eb38e50da3c8d8eafda1550",
    "src/addons/Ruinscraft/MineLink/_data/permission_interface_groups.xml": "3177224e96458b829aa7fb24866dda9e0455a4922aee3d669b53f59a1ffdf5d1",
    "src/addons/Ruinscraft/MineLink/_data/phrases.xml": "df89acad5d8cc3c23deeed6255b8d6e338f4b09a56523f4f6fe21a09a07e3dc9",
    "src/addons/Ruinscraft/MineLink/_data/routes.xml": "8b9c9d182059161707f44a0b14544d8505f06726c3da59ecd5ef6b54ef04979f",
    "src/addons/Ruinscraft/MineLink/_data/style_properties.xml": "8b8690a8512f01f219dd2da76e3d0c5f62afc1f317b87794a7331c859c36a7a8",
    "src/addons/Ruinscraft/MineLink/_data/style_property_groups.xml": "68e1879cb3846c42d978487aa8d5145ff3335fc39e58016878824d5cf3fd684c",
    "src/addons/Ruinscraft/MineLink/_data/templates.xml": "ce17f527cac01f07fd61e4e5e08ec98232996da187d421345388a2a91c3095cb",
    "src/addons/Ruinscraft/MineLink/_data/template_modifications.xml": "3b54b7df00a6a4a18c5e012b6e2588e35c23aaa13a5fc227f08646a97590d778",
    "src/addons/Ruinscraft/MineLink/_data/widget_definitions.xml": "37e46965256430f24004c2e7f08ba08f9b0d1cbcc4d70e84b3f4e3ffb713e64b",
    "src/addons/Ruinscraft/MineLink/_data/widget_positions.xml": "a29cee66134f6bc5d75ed9df1eef21096c24401915c5b5c774389c3d7bb2d5b3"
}