{
    "src/addons/Ruinscraft/MCLink/addon.json": "f89ebac3245635a689c2f40ca9a0f86ff3922fbf01ee13348976fd25a1ed8002",
    "src/addons/Ruinscraft/MCLink/Api/Controller/Code.php": "25b373f1c790c688fa68442247e28f56e550fb5da6cddf283180b7122e41f412",
    "src/addons/Ruinscraft/MCLink/Entity/Code.php": "06611b6fb67921de1f7b9723f466ffe865e255510666c8d59572a67056a04436",
    "src/addons/Ruinscraft/MCLink/Pub/Controller/MCLink_Controller.php": "d9d9bb26a51f1193bb7ae5f2c7e5fea8d1041a642a3d17019b3a92fc9063fffe",
    "src/addons/Ruinscraft/MCLink/Repository/Code.php": "2d444ecdbb6237f9a57e7c06cbab9181a4f01be4af2854795514e4f549b6f62c",
    "src/addons/Ruinscraft/MCLink/Setup.php": "70aeb323f4d7f0740adcfee428435232f9f131633771be0508c2f599cb6989d2",
    "src/addons/Ruinscraft/MCLink/_data/activity_summary_definitions.xml": "99d8c2563a31320d66f958fc8bda78613545f5f7959bb3cf5318805e3a3c39d2",
    "src/addons/Ruinscraft/MCLink/_data/admin_navigation.xml": "064ec797484ac00d5ee37367b50b06846d11f480d00550997712707f8fdac8c0",
    "src/addons/Ruinscraft/MCLink/_data/admin_permission.xml": "ec6fb97cebf0bceb24f1ed1d5778c1db54eeb7535fbb3e31d824840e7aa9ff87",
    "src/addons/Ruinscraft/MCLink/_data/advertising_positions.xml": "d2f7cbe844bb1df3cf878d22ff6306249245c8ff6b0b87b9b729744bec538261",
    "src/addons/Ruinscraft/MCLink/_data/api_scopes.xml": "6793eaf758f140e8137187ba20e65f4faccf53410433ae3ad7a8b3b38cb6b3b7",
    "src/addons/Ruinscraft/MCLink/_data/bb_codes.xml": "faa4ddd5f4a365e5ac39aebdcbe2d25aedf74e7eb9ea4a812766e2fd5e13bdb1",
    "src/addons/Ruinscraft/MCLink/_data/bb_code_media_sites.xml": "29762987990187b33e43cfb68c08dc917b2d3f0176613d78f8e6c453f82da3f3",
    "src/addons/Ruinscraft/MCLink/_data/class_extensions.xml": "1f548b8006e9952a3f5889f71e09fdfa6726ac1a47c1af7b2626d1a88920d5a4",
    "src/addons/Ruinscraft/MCLink/_data/code_events.xml": "8370dec3df47f91df4cf79da253446ad11b29f4ea568fe76c774e97a0379f0eb",
    "src/addons/Ruinscraft/MCLink/_data/code_event_listeners.xml": "d6b5072f4909dee7a20ee9e44b163f95c8aa52e6ac7f573e292000cd9238c331",
    "src/addons/Ruinscraft/MCLink/_data/content_type_fields.xml": "c7ad5472b28f465b7ac7617627707eba1b7a39d28089460d52e1ed292fc0b06a",
    "src/addons/Ruinscraft/MCLink/_data/cron.xml": "323c4284742ef24329cd6db6f288eb9736d2353f36852e1db12591e1583aea26",
    "src/addons/Ruinscraft/MCLink/_data/help_pages.xml": "a8a0c0b06cdc550438bc8a8d385af3e1e5ab3459877dfb934c1c31be59c89163",
    "src/addons/Ruinscraft/MCLink/_data/member_stats.xml": "89fb2b93ff1eca7a1f6f752248edf6090dfd24037db1446fd18ff7143f08124d",
    "src/addons/Ruinscraft/MCLink/_data/navigation.xml": "f75e1c03a45a360bbdfcd0567121665082315068475d5b0feb8b1acbb1688651",
    "src/addons/Ruinscraft/MCLink/_data/options.xml": "1cea29aa5671733d85c8fc6f7c66128eacbca5643cbb38585eb82002879b51a4",
    "src/addons/Ruinscraft/MCLink/_data/option_groups.xml": "154d7a89664b243d0bd8227c22e241f934bf7e196c83230ee23d3c0c4fba1333",
    "src/addons/Ruinscraft/MCLink/_data/permissions.xml": "7e4fc7d5826733d15ea2d8936b9bdd41afcaad810eb38e50da3c8d8eafda1550",
    "src/addons/Ruinscraft/MCLink/_data/permission_interface_groups.xml": "3177224e96458b829aa7fb24866dda9e0455a4922aee3d669b53f59a1ffdf5d1",
    "src/addons/Ruinscraft/MCLink/_data/phrases.xml": "d53ae75160d6ec36a8086fd5a4efc5d1a00a15d6fc1318b326d5729ca9379c85",
    "src/addons/Ruinscraft/MCLink/_data/routes.xml": "9833d7f52389b6eec71b70bd314872b873ea9bb8355b5d307b7cb31244e68d7e",
    "src/addons/Ruinscraft/MCLink/_data/style_properties.xml": "8b8690a8512f01f219dd2da76e3d0c5f62afc1f317b87794a7331c859c36a7a8",
    "src/addons/Ruinscraft/MCLink/_data/style_property_groups.xml": "68e1879cb3846c42d978487aa8d5145ff3335fc39e58016878824d5cf3fd684c",
    "src/addons/Ruinscraft/MCLink/_data/templates.xml": "ce17f527cac01f07fd61e4e5e08ec98232996da187d421345388a2a91c3095cb",
    "src/addons/Ruinscraft/MCLink/_data/template_modifications.xml": "3b54b7df00a6a4a18c5e012b6e2588e35c23aaa13a5fc227f08646a97590d778",
    "src/addons/Ruinscraft/MCLink/_data/widget_definitions.xml": "37e46965256430f24004c2e7f08ba08f9b0d1cbcc4d70e84b3f4e3ffb713e64b",
    "src/addons/Ruinscraft/MCLink/_data/widget_positions.xml": "a29cee66134f6bc5d75ed9df1eef21096c24401915c5b5c774389c3d7bb2d5b3"
}